,Account,Businees Unit,Currency,Year,Scenario,Jan,Feb,Mar,Apr,May,Jun,Jul,Aug,Sep,Oct,Nov,Dec
0,Sales,Software,USD,2012,Actuals,90924002.0,82606134.0,72780220.0,52943701.0,77528109.0,96384524.0,77345061.0,98290873.0,79879127.0,95373403.0,54887908.0,82703597.0
1,Cost of Goods Sold,Software,USD,2012,Actuals,-41623278.0,-40464347.0,-30806326.0,-21412962.0,-37047252.0,-44819597.0,-34847393.0,-47903350.0,-35880653.0,-44982115.0,-26929424.0,-34233473.0
2,Commissions Expense,Software,USD,2012,Actuals,-4454359.0,-3386032.0,-3389705.0,-2149257.0,-3168079.0,-4417624.0,-3386461.0,-4052846.0,-3418737.0,-4365527.0,-2455561.0,-3646726.0
3,Payroll Expense,Software,USD,2012,Actuals,-9901680.0,-9871172.0,-8459696.0,-6303408.0,-8493573.0,-11082494.0,-8081033.0,-11070018.0,-8410665.0,-10081727.0,-6300578.0,-9099438.0
4,Travel & Entertainment Expense,Software,USD,2012,Actuals,-951255.0,-838985.0,-872700.0,-624416.0,-919835.0,-1085296.0,-818602.0,-1040585.0,-803190.0,-1158623.0,-611335.0,-941542.0
5,R&D Expense,Software,USD,2012,Actuals,-4094116.0,-3599297.0,-3213050.0,-2466394.0,-3350416.0,-3973250.0,-3752045.0,-4170217.0,-3524451.0,-4281007.0,-2727155.0,-3711633.0
6,Consulting Expense,Software,USD,2012,Actuals,-5261471.0,-4215309.0,-3781799.0,-2788120.0,-4656777.0,-5399647.0,-4448901.0,-5654825.0,-4598250.0,-5505410.0,-2908553.0,-4664773.0
7,Software/Hardware Expense,Software,USD,2012,Actuals,-7549491.0,-6744180.0,-5424173.0,-3818856.0,-5935455.0,-7685036.0,-6661232.0,-8035238.0,-6167182.0,-8233098.0,-4016737.0,-6547629.0
8,Marketing Expense,Software,USD,2012,Actuals,-1865763.0,-2004386.0,-1667521.0,-1103735.0,-1617994.0,-2316878.0,-1579791.0,-2223673.0,-1869698.0,-2043854.0,-1365202.0,-1696008.0
9,Sales,Advertising,USD,2012,Actuals,20003280.44,24781840.2,15283846.2,15883110.299999999,19382027.25,22168440.52,18562814.64,29487261.9,23164946.83,27658286.869999997,14819735.16,18194791.34
10,Cost of Goods Sold,Advertising,USD,2012,Actuals,-9353324.0,-11513937.0,-6166965.0,-7501106.0,-8496461.0,-9798685.0,-8555070.0,-14039373.0,-11551839.0,-13628227.0,-7257645.0,-9083320.0
11,Commissions Expense,Advertising,USD,2012,Actuals,-941821.0,-1002323.0,-746736.0,-764074.0,-808144.0,-1061422.0,-808354.0,-1421840.0,-950267.0,-1278394.0,-675574.0,-772637.0
12,Payroll Expense,Advertising,USD,2012,Actuals,-2496366.0,-2697904.0,-1679239.0,-1918713.0,-2215557.0,-2480892.0,-2182363.0,-3410389.0,-2427536.0,-3305300.0,-1808374.0,-2032444.0
13,Travel & Entertainment Expense,Advertising,USD,2012,Actuals,-212638.0,-297458.0,-167930.0,-194736.0,-235827.0,-260283.0,-221103.0,-348081.0,-260895.0,-321588.0,-172652.0,-185865.0
14,R&D Expense,Advertising,USD,2012,Actuals,-977169.0,-1029549.0,-674412.0,-792920.0,-900465.0,-993534.0,-884213.0,-1430413.0,-1146956.0,-1115640.0,-638663.0,-822644.0
15,Consulting Expense,Advertising,USD,2012,Actuals,-1176605.0,-1291439.0,-934063.0,-937518.0,-1139418.0,-1356373.0,-1140096.0,-1606577.0,-1429418.0,-1399794.0,-752770.0,-1078181.0
16,Software/Hardware Expense,Advertising,USD,2012,Actuals,-1729022.0,-2125980.0,-1266805.0,-1181160.0,-1678429.0,-1922968.0,-1563338.0,-2266251.0,-1651944.0,-2138006.0,-1069556.0,-1550361.0
17,Marketing Expense,Advertising,USD,2012,Actuals,-477650.0,-500810.0,-350137.0,-390161.0,-444748.0,-502205.0,-401191.0,-701616.0,-517674.0,-616922.0,-308776.0,-393674.0
18,Sales,Hardware,USD,2012,Actuals,32732640.72,30564269.58,26200879.2,19589169.37,29460681.42,36626119.12,23976968.91,34401805.55,29555276.99,31473222.990000002,17015251.48,31427366.86
19,Cost of Goods Sold,Hardware,USD,2012,Actuals,-15174996.0,-13026257.0,-11675693.0,-8655251.0,-12015866.0,-15700152.0,-9675687.0,-16111034.0,-12007211.0,-15679125.0,-7771569.0,-15258373.0
20,Commissions Expense,Hardware,USD,2012,Actuals,-1365874.0,-1359525.0,-1296743.0,-900105.0,-1331847.0,-1564129.0,-1063724.0,-1612959.0,-1338743.0,-1378721.0,-751229.0,-1417137.0
21,Payroll Expense,Hardware,USD,2012,Actuals,-3625840.0,-3423587.0,-2865530.0,-2430054.0,-3605303.0,-4252053.0,-2644538.0,-4099242.0,-3376769.0,-3479104.0,-2018487.0,-3638336.0
22,Travel & Entertainment Expense,Hardware,USD,2012,Actuals,-404102.0,-338689.0,-289410.0,-231627.0,-322868.0,-401363.0,-253582.0,-412988.0,-347606.0,-391065.0,-171970.0,-374266.0
23,R&D Expense,Hardware,USD,2012,Actuals,-1468035.0,-1483124.0,-1094520.0,-937432.0,-1284439.0,-1598284.0,-1152053.0,-1525329.0,-1197635.0,-1277358.0,-816086.0,-1391966.0
24,Consulting Expense,Hardware,USD,2012,Actuals,-1854144.0,-1664382.0,-1580339.0,-1211392.0,-1625464.0,-2017618.0,-1472986.0,-2012637.0,-1767868.0,-1608184.0,-917113.0,-1651075.0
25,Software/Hardware Expense,Hardware,USD,2012,Actuals,-2454740.0,-2246414.0,-1920131.0,-1538618.0,-2459096.0,-2690767.0,-1781975.0,-2592510.0,-2077955.0,-2418669.0,-1334326.0,-2275474.0
26,Marketing Expense,Hardware,USD,2012,Actuals,-713163.0,-741500.0,-638160.0,-461044.0,-641726.0,-906407.0,-538307.0,-792272.0,-631951.0,-774552.0,-424464.0,-689907.0
27,Sales,Software,USD,2013,Actuals,62935397.0,53925189.0,89800765.0,73182364.0,88898687.0,56531656.0,81928853.0,83883692.0,90835513.0,84696571.0,85024906.0,53288399.0
28,Cost of Goods Sold,Software,USD,2013,Actuals,-26494815.0,-22903069.0,-40456195.0,-34006729.0,-42423953.0,-27409059.0,-33775125.0,-36687036.0,-41042906.0,-39247829.0,-36978094.0,-21932570.0
29,Commissions Expense,Software,USD,2013,Actuals,-2701354.0,-2292513.0,-4003886.0,-3480213.0,-3751958.0,-2276949.0,-3831128.0,-4053567.0,-3723927.0,-3646419.0,-3875350.0,-2193320.0
30,Payroll Expense,Software,USD,2013,Actuals,-6903529.0,-6040881.0,-8999879.0,-8859167.0,-10315340.0,-7009597.0,-9729627.0,-9388096.0,-9421268.0,-9764483.0,-10104336.0,-6025217.0
31,Travel & Entertainment Expense,Software,USD,2013,Actuals,-742125.0,-668336.0,-1090282.0,-779994.0,-1061114.0,-574730.0,-914148.0,-937664.0,-1118700.0,-991515.0,-891952.0,-622578.0
32,R&D Expense,Software,USD,2013,Actuals,-3004974.0,-2247412.0,-4038201.0,-3194257.0,-3781884.0,-2691195.0,-3732122.0,-3946945.0,-3769268.0,-3631690.0,-3939592.0,-2301656.0
33,Consulting Expense,Software,USD,2013,Actuals,-3635465.0,-3045416.0,-4995746.0,-4388934.0,-4835074.0,-3428760.0,-5056752.0,-4859658.0,-5233669.0,-5103815.0,-4679973.0,-2916323.0
34,Software/Hardware Expense,Software,USD,2013,Actuals,-4463301.0,-4126173.0,-7142092.0,-5237047.0,-7122613.0,-4230019.0,-6296385.0,-6393165.0,-7603663.0,-6983409.0,-6504510.0,-4278920.0
35,Marketing Expense,Software,USD,2013,Actuals,-1338399.0,-1226506.0,-1878316.0,-1692980.0,-1813241.0,-1153027.0,-1971506.0,-1867620.0,-2234011.0,-1784085.0,-1901804.0,-1094887.0
36,Sales,Advertising,USD,2013,Actuals,15104495.28,15638304.809999999,26940229.5,18295591.0,24002645.490000002,11871647.76,23759367.369999997,23487433.76,20892167.990000002,25408971.3,17004981.2,10657679.8
37,Cost of Goods Sold,Advertising,USD,2013,Actuals,-6922154.0,-6719996.0,-11251219.0,-8188535.0,-10753091.0,-5620387.0,-11674472.0,-9402231.0,-9847130.0,-10592169.0,-8170720.0,-4761146.0
38,Commissions Expense,Advertising,USD,2013,Actuals,-744189.0,-684446.0,-1135391.0,-740206.0,-1056537.0,-587577.0,-1154625.0,-1015469.0,-919043.0,-1130498.0,-705547.0,-447074.0
39,Payroll Expense,Advertising,USD,2013,Actuals,-1820008.0,-1643381.0,-3339938.0,-2236128.0,-2909989.0,-1461544.0,-2630917.0,-2736210.0,-2555554.0,-2554023.0,-1729230.0,-1183866.0
40,Travel & Entertainment Expense,Advertising,USD,2013,Actuals,-161575.0,-187636.0,-282811.0,-221047.0,-254049.0,-144005.0,-246538.0,-255904.0,-221757.0,-282216.0,-207965.0,-107626.0
41,R&D Expense,Advertising,USD,2013,Actuals,-741256.0,-734801.0,-1121189.0,-847064.0,-1076637.0,-581037.0,-1155733.0,-1140205.0,-928524.0,-1022458.0,-732828.0,-507909.0
42,Consulting Expense,Advertising,USD,2013,Actuals,-938436.0,-936828.0,-1631024.0,-1004574.0,-1256873.0,-602967.0,-1434455.0,-1308212.0,-1228204.0,-1541439.0,-1029014.0,-547052.0
43,Software/Hardware Expense,Advertising,USD,2013,Actuals,-1135946.0,-1337432.0,-2176367.0,-1388676.0,-1972095.0,-935781.0,-1810962.0,-1913852.0,-1681821.0,-1985257.0,-1268727.0,-853915.0
44,Marketing Expense,Advertising,USD,2013,Actuals,-323989.0,-329938.0,-540940.0,-428900.0,-480921.0,-296470.0,-569490.0,-545708.0,-522167.0,-517041.0,-375439.0,-255120.0
45,Sales,Hardware,USD,2013,Actuals,19509973.07,17256060.48,30532260.1,29272945.6,29336566.71,20351396.16,28675098.549999997,33553476.8,34517494.94,26255937.01,30608966.16,18118055.66
46,Cost of Goods Sold,Hardware,USD,2013,Actuals,-8150515.0,-8450170.0,-14161620.0,-11982699.0,-14251244.0,-9764566.0,-13601224.0,-16479944.0,-15769647.0,-11713786.0,-13808185.0,-7671352.0
47,Commissions Expense,Hardware,USD,2013,Actuals,-918940.0,-807370.0,-1441691.0,-1189856.0,-1441481.0,-992324.0,-1184148.0,-1395247.0,-1624531.0,-1309585.0,-1271473.0,-888159.0
48,Payroll Expense,Hardware,USD,2013,Actuals,-1978540.0,-2042733.0,-3640742.0,-3022060.0,-3103005.0,-2469981.0,-3153289.0,-3620396.0,-4017528.0,-2657392.0,-3428688.0,-2234769.0
49,Travel & Entertainment Expense,Hardware,USD,2013,Actuals,-226737.0,-177057.0,-348448.0,-348912.0,-340324.0,-233884.0,-339323.0,-346782.0,-416320.0,-265196.0,-350713.0,-191961.0
50,R&D Expense,Hardware,USD,2013,Actuals,-864114.0,-798924.0,-1397111.0,-1424616.0,-1408363.0,-988295.0,-1420613.0,-1550303.0,-1530986.0,-1291985.0,-1244998.0,-880628.0
51,Consulting Expense,Hardware,USD,2013,Actuals,-985386.0,-1024168.0,-1624588.0,-1566421.0,-1513745.0,-1168867.0,-1433907.0,-1760511.0,-1764055.0,-1576381.0,-1568287.0,-1109268.0
52,Software/Hardware Expense,Hardware,USD,2013,Actuals,-1643593.0,-1410736.0,-2420767.0,-2153538.0,-2533689.0,-1741008.0,-2146318.0,-2517357.0,-2704417.0,-2028595.0,-2603838.0,-1295382.0
53,Marketing Expense,Hardware,USD,2013,Actuals,-448703.0,-383620.0,-615643.0,-713736.0,-716076.0,-430361.0,-707885.0,-733111.0,-799880.0,-586058.0,-621736.0,-422427.0
54,Sales,Software,USD,2014,Actuals,73003216.0,67583964.0,96747422.0,54707115.0,53295086.0,73831265.0,60633129.0,67453237.0,98780894.0,52687090.0,71258255.0,83507400.0
55,Cost of Goods Sold,Software,USD,2014,Actuals,-35434154.0,-33276599.0,-46411721.0,-25228351.0,-24803966.0,-34794166.0,-25081587.0,-32657990.0,-47301412.0,-23190677.0,-33853415.0,-41071028.0
56,Commissions Expense,Software,USD,2014,Actuals,-3225544.0,-3006614.0,-4716518.0,-2637046.0,-2192406.0,-3440909.0,-2564854.0,-3195750.0,-4621559.0,-2594599.0,-3474868.0,-3954659.0
57,Payroll Expense,Software,USD,2014,Actuals,-8214482.0,-6991832.0,-9881604.0,-6021642.0,-5967905.0,-8792535.0,-6362428.0,-7854754.0,-10736101.0,-6185030.0,-8422442.0,-8853593.0
58,Travel & Entertainment Expense,Software,USD,2014,Actuals,-812381.0,-823867.0,-1084164.0,-547555.0,-657107.0,-785991.0,-693944.0,-790029.0,-1063936.0,-528306.0,-837702.0,-949150.0
59,R&D Expense,Software,USD,2014,Actuals,-3200785.0,-3236733.0,-4576715.0,-2677342.0,-2564086.0,-3201135.0,-2673923.0,-2759863.0,-4136323.0,-2161622.0,-2908571.0,-3459881.0
60,Consulting Expense,Software,USD,2014,Actuals,-4510094.0,-4148358.0,-5977214.0,-2757866.0,-2721806.0,-3827683.0,-3316938.0,-3803865.0,-5738434.0,-3196559.0,-3787807.0,-4251787.0
61,Software/Hardware Expense,Software,USD,2014,Actuals,-5157077.0,-4893590.0,-7177731.0,-4525995.0,-3788018.0,-5727447.0,-5302649.0,-5621094.0,-7901949.0,-4053787.0,-5484871.0,-5860902.0
62,Marketing Expense,Software,USD,2014,Actuals,-1561407.0,-1626403.0,-2267623.0,-1199024.0,-1272883.0,-1678802.0,-1497786.0,-1414558.0,-2426938.0,-1075041.0,-1500397.0,-1915308.0
63,Sales,Advertising,USD,2014,Actuals,18250804.0,14868472.08,28056752.38,14223849.9,13323771.5,14766253.0,16977276.12,16188776.879999999,29634268.2,11064288.9,19952311.400000002,20041776.0
64,Cost of Goods Sold,Advertising,USD,2014,Actuals,-7843283.0,-6796938.0,-12240526.0,-6869228.0,-5372673.0,-6236231.0,-7200608.0,-6556026.0,-13129869.0,-4676077.0,-9364018.0,-9803799.0
65,Commissions Expense,Advertising,USD,2014,Actuals,-883645.0,-676768.0,-1122338.0,-683326.0,-609325.0,-684846.0,-753131.0,-685580.0,-1414587.0,-442590.0,-979960.0,-943903.0
66,Payroll Expense,Advertising,USD,2014,Actuals,-2008709.0,-1487720.0,-3285627.0,-1508088.0,-1391093.0,-1775032.0,-2004898.0,-1838656.0,-3448390.0,-1361565.0,-2442401.0,-2495975.0
67,Travel & Entertainment Expense,Advertising,USD,2014,Actuals,-219648.0,-183425.0,-341821.0,-173916.0,-154994.0,-154234.0,-197334.0,-175394.0,-313187.0,-112737.0,-237479.0,-203441.0
68,R&D Expense,Advertising,USD,2014,Actuals,-878705.0,-691557.0,-1382445.0,-644432.0,-585524.0,-704915.0,-777313.0,-745066.0,-1466348.0,-520870.0,-799241.0,-926859.0
69,Consulting Expense,Advertising,USD,2014,Actuals,-1101772.0,-896778.0,-1443616.0,-741177.0,-698199.0,-899590.0,-965921.0,-952907.0,-1522010.0,-581521.0,-1167492.0,-1042503.0
70,Software/Hardware Expense,Advertising,USD,2014,Actuals,-1592251.0,-1260716.0,-2347593.0,-1012501.0,-1124904.0,-1261974.0,-1354606.0,-1335325.0,-2087610.0,-780627.0,-1615540.0,-1677444.0
71,Marketing Expense,Advertising,USD,2014,Actuals,-451604.0,-299487.0,-598692.0,-290908.0,-275494.0,-315325.0,-362086.0,-403555.0,-723809.0,-246577.0,-423325.0,-404866.0
72,Sales,Hardware,USD,2014,Actuals,25551125.599999998,27033585.6,35796546.14,18053347.95,17054427.52,27317568.05,18796269.99,20235971.099999998,32597695.020000003,20547965.1,28503302.0,33402960.0
73,Cost of Goods Sold,Hardware,USD,2014,Actuals,-12281785.0,-11806223.0,-16195590.0,-8716303.0,-7594755.0,-12346026.0,-8571654.0,-8792279.0,-13697258.0,-9660014.0,-12192298.0,-13616846.0
74,Commissions Expense,Hardware,USD,2014,Actuals,-1071411.0,-1096480.0,-1629789.0,-758301.0,-754325.0,-1304916.0,-823868.0,-817673.0,-1590942.0,-938741.0,-1163913.0,-1561563.0
75,Payroll Expense,Hardware,USD,2014,Actuals,-2862315.0,-2916140.0,-3680507.0,-2237785.0,-2017248.0,-2969483.0,-1933361.0,-2483806.0,-3462148.0,-2092959.0,-3143791.0,-3950404.0
76,Travel & Entertainment Expense,Hardware,USD,2014,Actuals,-295032.0,-281721.0,-360010.0,-215094.0,-177449.0,-277921.0,-210549.0,-251945.0,-394839.0,-241749.0,-339129.0,-403062.0
77,R&D Expense,Hardware,USD,2014,Actuals,-1184703.0,-1206612.0,-1706514.0,-787069.0,-719494.0,-1217784.0,-802138.0,-1010960.0,-1342224.0,-929984.0,-1347763.0,-1538947.0
78,Consulting Expense,Hardware,USD,2014,Actuals,-1396550.0,-1412122.0,-1960177.0,-1021805.0,-1016393.0,-1460281.0,-1158758.0,-1212490.0,-1926307.0,-1095283.0,-1655140.0,-2087346.0
79,Software/Hardware Expense,Hardware,USD,2014,Actuals,-2055703.0,-1910219.0,-2832136.0,-1380565.0,-1364825.0,-2260644.0,-1615169.0,-1655450.0,-2372522.0,-1789944.0,-2194746.0,-2825224.0
80,Marketing Expense,Hardware,USD,2014,Actuals,-551509.0,-553460.0,-858779.0,-444914.0,-346671.0,-561327.0,-421945.0,-459673.0,-699116.0,-436835.0,-646474.0,-790325.0
81,Sales,Software,USD,2015,Actuals,56564696.0,53003500.0,57123654.0,51517884.0,86240365.0,83822589.0,99534990.0,56551959.0,75595351.0,87960046.0,75992432.0,87753553.0
82,Cost of Goods Sold,Software,USD,2015,Actuals,-26025524.0,-24023570.0,-23452691.0,-24109262.0,-38340811.0,-34138458.0,-48369463.0,-26510883.0,-31307040.0,-36132005.0,-37770955.0,-35668763.0
83,Commissions Expense,Software,USD,2015,Actuals,-2693681.0,-2344026.0,-2342553.0,-2075015.0,-3959339.0,-3442089.0,-4021826.0,-2656419.0,-3439053.0,-3864192.0,-3553160.0,-4368917.0
84,Payroll Expense,Software,USD,2015,Actuals,-6107421.0,-5810585.0,-7021257.0,-6051373.0,-10773242.0,-9081939.0,-10994327.0,-6548834.0,-7861085.0,-9613130.0,-9183322.0,-9278911.0
85,Travel & Entertainment Expense,Software,USD,2015,Actuals,-587893.0,-545279.0,-588026.0,-545095.0,-985449.0,-855026.0,-1098610.0,-701066.0,-809897.0,-1016017.0,-880356.0,-987089.0
86,R&D Expense,Software,USD,2015,Actuals,-2724738.0,-2462961.0,-2377917.0,-2391429.0,-4192334.0,-3632483.0,-3981861.0,-2692169.0,-3621911.0,-3866225.0,-3114375.0,-3960801.0
87,Consulting Expense,Software,USD,2015,Actuals,-3196353.0,-3030650.0,-3299636.0,-2687879.0,-5147180.0,-4667697.0,-5350859.0,-3211296.0,-4194381.0,-5144107.0,-3882597.0,-4467813.0
88,Software/Hardware Expense,Software,USD,2015,Actuals,-4765178.0,-3830881.0,-4742612.0,-4411760.0,-7247016.0,-7070792.0,-7460187.0,-4155646.0,-6058210.0,-6830492.0,-5760591.0,-7218683.0
89,Marketing Expense,Software,USD,2015,Actuals,-1373322.0,-1152623.0,-1366324.0,-1216887.0,-1771647.0,-1846409.0,-2254182.0,-1313623.0,-1753534.0,-1859575.0,-1782794.0,-2038375.0
90,Sales,Advertising,USD,2015,Actuals,13575527.04,13250875.0,12567203.88,11849113.32,17248073.0,22632099.03,29860497.0,11875911.389999999,21166698.28,21110411.04,18998108.0,20183317.19
91,Cost of Goods Sold,Advertising,USD,2015,Actuals,-6729976.0,-6401417.0,-5214635.0,-5538678.0,-8186261.0,-10063433.0,-14362489.0,-5530666.0,-10502083.0,-10387292.0,-7767663.0,-9444026.0
92,Commissions Expense,Advertising,USD,2015,Actuals,-573757.0,-581423.0,-551830.0,-577052.0,-788385.0,-946266.0,-1320510.0,-513412.0,-965560.0,-992444.0,-880529.0,-838505.0
93,Payroll Expense,Advertising,USD,2015,Actuals,-1568759.0,-1452547.0,-1515316.0,-1374790.0,-1918417.0,-2647780.0,-3326590.0,-1280946.0,-2625789.0,-2383045.0,-2237769.0,-2381177.0
94,Travel & Entertainment Expense,Advertising,USD,2015,Actuals,-158356.0,-153332.0,-156029.0,-135853.0,-212057.0,-251822.0,-317201.0,-144379.0,-235638.0,-237761.0,-194390.0,-241255.0
95,R&D Expense,Advertising,USD,2015,Actuals,-628560.0,-607225.0,-605967.0,-523211.0,-761411.0,-942950.0,-1259315.0,-593077.0,-932114.0,-888540.0,-848637.0,-811089.0
96,Consulting Expense,Advertising,USD,2015,Actuals,-840546.0,-680213.0,-638286.0,-639841.0,-1072470.0,-1382250.0,-1632544.0,-636013.0,-1152236.0,-1315230.0,-1048976.0,-1063853.0
97,Software/Hardware Expense,Advertising,USD,2015,Actuals,-1050093.0,-1048268.0,-966784.0,-928678.0,-1460786.0,-1852892.0,-2327627.0,-836034.0,-1595638.0,-1616163.0,-1534232.0,-1707959.0
98,Marketing Expense,Advertising,USD,2015,Actuals,-275227.0,-327777.0,-292639.0,-286019.0,-377546.0,-453403.0,-714292.0,-263464.0,-517575.0,-425453.0,-389907.0,-456591.0
99,Sales,Hardware,USD,2015,Actuals,16969408.8,20671365.0,21706988.52,16485722.88,33633742.35,25985002.59,30855846.9,22620783.6,30238140.400000002,33424817.48,28877124.16,31591279.08
100,Cost of Goods Sold,Hardware,USD,2015,Actuals,-7450571.0,-10294064.0,-9221253.0,-7725376.0,-13917348.0,-12519321.0,-13571742.0,-9837654.0,-12678165.0,-16340698.0,-12993746.0,-13172331.0
101,Commissions Expense,Hardware,USD,2015,Actuals,-715290.0,-904129.0,-931252.0,-711157.0,-1659270.0,-1221659.0,-1350283.0,-929404.0,-1347979.0,-1470024.0,-1389785.0,-1287585.0
102,Payroll Expense,Hardware,USD,2015,Actuals,-1988528.0,-2459353.0,-2709458.0,-2003559.0,-3552022.0,-2709456.0,-3252981.0,-2779126.0,-3172400.0,-3896025.0,-3318030.0,-3813684.0
103,Travel & Entertainment Expense,Hardware,USD,2015,Actuals,-205282.0,-225837.0,-227747.0,-169757.0,-347847.0,-269530.0,-324152.0,-253011.0,-324488.0,-370035.0,-330614.0,-360629.0
104,R&D Expense,Hardware,USD,2015,Actuals,-723600.0,-1004867.0,-965808.0,-689206.0,-1499915.0,-1141605.0,-1507171.0,-1075555.0,-1237536.0,-1515831.0,-1394273.0,-1442698.0
105,Consulting Expense,Hardware,USD,2015,Actuals,-1017910.0,-1145770.0,-1136471.0,-873995.0,-1914496.0,-1546855.0,-1592349.0,-1318910.0,-1733965.0,-2010672.0,-1596932.0,-1693505.0
106,Software/Hardware Expense,Hardware,USD,2015,Actuals,-1206195.0,-1591750.0,-1622068.0,-1226905.0,-2863033.0,-2160356.0,-2268443.0,-1907784.0,-2503681.0,-2409168.0,-2141293.0,-2275942.0
107,Marketing Expense,Hardware,USD,2015,Actuals,-361779.0,-465522.0,-435154.0,-387703.0,-771709.0,-598031.0,-742056.0,-491851.0,-630665.0,-803064.0,-602653.0,-683941.0
108,Sales,Software,USD,2016,Actuals,81655883.0,83561516.0,61969697.0,63610791.0,86214061.0,90524362.0,96670862.0,98454552.0,87844733.0,87853084.0,51372015.0,84700526.0
109,Cost of Goods Sold,Software,USD,2016,Actuals,-38152005.0,-36699482.0,-26110465.0,-26145811.0,-40139858.0,-39539223.0,-44836102.0,-40988911.0,-41450728.0,-39579231.0,-22047375.0,-40435685.0
110,Commissions Expense,Software,USD,2016,Actuals,-3341830.0,-3367712.0,-3012406.0,-2916215.0,-3678680.0,-4445902.0,-4606371.0,-4440472.0,-3909828.0,-3623312.0,-2189989.0,-3526159.0
111,Payroll Expense,Software,USD,2016,Actuals,-8921600.0,-9786168.0,-7486614.0,-7556025.0,-9181290.0,-9459380.0,-9844151.0,-11206389.0,-9392546.0,-10596859.0,-6122880.0,-9147690.0
112,Travel & Entertainment Expense,Software,USD,2016,Actuals,-818929.0,-966024.0,-654648.0,-664349.0,-946095.0,-942468.0,-1062404.0,-1074006.0,-1051917.0,-1038774.0,-587646.0,-958050.0
113,R&D Expense,Software,USD,2016,Actuals,-3683094.0,-4113810.0,-2921017.0,-2963375.0,-4130479.0,-3623041.0,-4437334.0,-4585982.0,-3983309.0,-3581303.0,-2334662.0,-3982432.0
114,Consulting Expense,Software,USD,2016,Actuals,-4657393.0,-4809923.0,-3513189.0,-3762203.0,-4709694.0,-4861754.0,-6015899.0,-6024947.0,-4995099.0,-4476716.0,-3081661.0,-4598465.0
115,Software/Hardware Expense,Software,USD,2016,Actuals,-6635711.0,-6811558.0,-5169120.0,-4461078.0,-6428260.0,-7226569.0,-7271478.0,-7234272.0,-7651080.0,-7315956.0,-4150345.0,-7372199.0
116,Marketing Expense,Software,USD,2016,Actuals,-1704389.0,-1870382.0,-1528250.0,-1331140.0,-1910352.0,-1853220.0,-2355911.0,-2020196.0,-1806635.0,-2153880.0,-1244194.0,-2026172.0
117,Sales,Advertising,USD,2016,Actuals,20413970.75,18383533.52,15492424.25,16538805.66,17242812.2,26252064.979999997,26101132.740000002,26582729.040000003,23718077.91,24598863.520000003,12843003.75,18634115.72
118,Cost of Goods Sold,Advertising,USD,2016,Actuals,-8524021.0,-8516858.0,-6701327.0,-8243024.0,-8514600.0,-12755210.0,-12071942.0,-12906190.0,-10492468.0,-11272305.0,-6080186.0,-8918973.0
119,Commissions Expense,Advertising,USD,2016,Actuals,-941449.0,-887985.0,-710304.0,-703199.0,-802703.0,-1110078.0,-1236047.0,-1269614.0,-999276.0,-1060656.0,-634536.0,-754854.0
120,Payroll Expense,Advertising,USD,2016,Actuals,-2536097.0,-2115231.0,-1737031.0,-1784309.0,-1880938.0,-3062612.0,-2803819.0,-2677425.0,-2631419.0,-2469520.0,-1439108.0,-2142808.0
121,Travel & Entertainment Expense,Advertising,USD,2016,Actuals,-205336.0,-194814.0,-193218.0,-183673.0,-189826.0,-284932.0,-280179.0,-311287.0,-285374.0,-296625.0,-142198.0,-226382.0
122,R&D Expense,Advertising,USD,2016,Actuals,-851979.0,-905765.0,-710782.0,-775323.0,-798120.0,-1110337.0,-1084014.0,-1222396.0,-1026824.0,-1130889.0,-526140.0,-887310.0
123,Consulting Expense,Advertising,USD,2016,Actuals,-1231645.0,-1088760.0,-892572.0,-1033128.0,-1048111.0,-1490618.0,-1380862.0,-1524075.0,-1466230.0,-1289535.0,-724095.0,-1163422.0
124,Software/Hardware Expense,Advertising,USD,2016,Actuals,-1760584.0,-1456013.0,-1085771.0,-1337440.0,-1406326.0,-2265055.0,-1986127.0,-2165067.0,-1996836.0,-1966531.0,-1083014.0,-1464640.0
125,Marketing Expense,Advertising,USD,2016,Actuals,-487605.0,-439530.0,-319530.0,-366239.0,-365704.0,-593597.0,-645238.0,-588468.0,-508124.0,-492524.0,-271335.0,-390316.0
126,Sales,Hardware,USD,2016,Actuals,31845794.37,30082145.759999998,18590909.099999998,19719345.21,31899202.57,28967795.84,35768218.94,34459093.199999996,27231867.23,29870048.560000002,16952764.95,32186199.88
127,Cost of Goods Sold,Hardware,USD,2016,Actuals,-13200712.0,-12724470.0,-8005672.0,-8313897.0,-13789811.0,-12486225.0,-14967747.0,-16272271.0,-13336587.0,-14070961.0,-7089539.0,-13748549.0
128,Commissions Expense,Hardware,USD,2016,Actuals,-1382258.0,-1379467.0,-909010.0,-890247.0,-1385535.0,-1190803.0,-1478432.0,-1441730.0,-1319597.0,-1318334.0,-716994.0,-1489139.0
129,Payroll Expense,Hardware,USD,2016,Actuals,-3529710.0,-3352789.0,-2066872.0,-2137102.0,-3900848.0,-3360650.0,-4456741.0,-4184978.0,-2924927.0,-3047539.0,-1933137.0,-3711354.0
130,Travel & Entertainment Expense,Hardware,USD,2016,Actuals,-360600.0,-355602.0,-225838.0,-214931.0,-385660.0,-318347.0,-416340.0,-345090.0,-319634.0,-339599.0,-205616.0,-397272.0
131,R&D Expense,Hardware,USD,2016,Actuals,-1448404.0,-1354372.0,-843964.0,-793282.0,-1336026.0,-1175987.0,-1479244.0,-1546344.0,-1131760.0,-1471727.0,-821928.0,-1349035.0
132,Consulting Expense,Hardware,USD,2016,Actuals,-1648622.0,-1786593.0,-1136110.0,-1080438.0,-1938602.0,-1649632.0,-1997676.0,-2104863.0,-1516483.0,-1584186.0,-985271.0,-1919097.0
133,Software/Hardware Expense,Hardware,USD,2016,Actuals,-2309056.0,-2423602.0,-1559611.0,-1703087.0,-2723160.0,-2034072.0,-2704842.0,-2801318.0,-2243456.0,-2327951.0,-1466294.0,-2665088.0
134,Marketing Expense,Hardware,USD,2016,Actuals,-741378.0,-643670.0,-387401.0,-424256.0,-741907.0,-614784.0,-893758.0,-799193.0,-553098.0,-643339.0,-417847.0,-692029.0
135,Sales,Software,USD,2017,Actuals,90594765.0,64091321.0,90832224.0,90566899.0,61790341.0,89637185.0,97015607.0,57860421.0,93873947.0,56762897.0,74155238.0,99732691.0
136,Cost of Goods Sold,Software,USD,2017,Actuals,-39951806.0,-30670039.0,-38962942.0,-38993954.0,-30894645.0,-42444634.0,-47268030.0,-25201882.0,-42405906.0,-26532237.0,-33578994.0,-40232513.0
137,Commissions Expense,Software,USD,2017,Actuals,-4200214.0,-3202859.0,-3773718.0,-3631480.0,-2998975.0,-3862374.0,-4168148.0,-2328089.0,-4439610.0,-2553968.0,-3433607.0,-4346873.0
138,Payroll Expense,Software,USD,2017,Actuals,-9773658.0,-7625235.0,-9175082.0,-10606715.0,-7184780.0,-8981143.0,-11594344.0,-6449339.0,-11285602.0,-6584691.0,-8971630.0,-11594872.0
139,Travel & Entertainment Expense,Software,USD,2017,Actuals,-1011934.0,-681792.0,-964632.0,-1071676.0,-618377.0,-935846.0,-1181022.0,-585603.0,-1064714.0,-640750.0,-863683.0,-1014103.0
140,R&D Expense,Software,USD,2017,Actuals,-4172768.0,-2645823.0,-4323239.0,-3683650.0,-2610683.0,-3792727.0,-4293112.0,-2846435.0,-4283488.0,-2423797.0,-3357266.0,-4441468.0
141,Consulting Expense,Software,USD,2017,Actuals,-5202064.0,-3712680.0,-5671365.0,-5347644.0,-3808190.0,-4711668.0,-6016591.0,-3209594.0,-5650365.0,-3478094.0,-4533548.0,-5854118.0
142,Software/Hardware Expense,Software,USD,2017,Actuals,-6815756.0,-4840574.0,-6818595.0,-6537701.0,-4506878.0,-6673167.0,-7844506.0,-4267450.0,-7389303.0,-4761855.0,-5368585.0,-7437361.0
143,Marketing Expense,Software,USD,2017,Actuals,-2126102.0,-1571597.0,-1909683.0,-1950375.0,-1267839.0,-2206505.0,-2311953.0,-1337686.0,-2110424.0,-1215239.0,-1688551.0,-2310478.0
144,Sales,Advertising,USD,2017,Actuals,21742743.599999998,17304656.67,23616378.240000002,26264400.709999997,14211778.43,19720180.7,19403121.400000002,15043709.46,25345965.69,11352579.4,19280361.88,27925153.480000004
145,Cost of Goods Sold,Advertising,USD,2017,Actuals,-9733073.0,-7319150.0,-9538845.0,-10780711.0,-6715269.0,-7919308.0,-9007474.0,-6627053.0,-11225719.0,-5419873.0,-8415726.0,-11619625.0
146,Commissions Expense,Advertising,USD,2017,Actuals,-997908.0,-722794.0,-1156017.0,-1160645.0,-583037.0,-890851.0,-877624.0,-615771.0,-1070440.0,-566381.0,-923583.0,-1264328.0
147,Payroll Expense,Advertising,USD,2017,Actuals,-2275216.0,-1900402.0,-2684124.0,-2725657.0,-1725315.0,-2308388.0,-2313499.0,-1869056.0,-2612036.0,-1255719.0,-2164141.0,-3382499.0
148,Travel & Entertainment Expense,Advertising,USD,2017,Actuals,-241370.0,-201204.0,-254089.0,-316915.0,-155835.0,-207613.0,-207549.0,-168184.0,-254264.0,-130948.0,-192816.0,-345557.0
149,R&D Expense,Advertising,USD,2017,Actuals,-981507.0,-800779.0,-1036791.0,-1126434.0,-689387.0,-851864.0,-847534.0,-648186.0,-1181485.0,-521786.0,-908073.0,-1316006.0
150,Consulting Expense,Advertising,USD,2017,Actuals,-1260803.0,-887301.0,-1380264.0,-1318077.0,-739907.0,-1082894.0,-1002999.0,-928770.0,-1457766.0,-689135.0,-1121473.0,-1741924.0
151,Software/Hardware Expense,Advertising,USD,2017,Actuals,-1775770.0,-1442574.0,-1726011.0,-2270737.0,-1088722.0,-1586631.0,-1464615.0,-1067050.0,-2213537.0,-960228.0,-1352565.0,-2173270.0
152,Marketing Expense,Advertising,USD,2017,Actuals,-483691.0,-372543.0,-545725.0,-535319.0,-297206.0,-401618.0,-417457.0,-362171.0,-556569.0,-247191.0,-397019.0,-605393.0
153,Sales,Hardware,USD,2017,Actuals,35331958.35,24354701.98,33607922.88,36226759.6,22862426.169999998,33165758.45,38806242.800000004,17358126.3,29100923.57,19299384.98,26695885.68,31914461.12
154,Cost of Goods Sold,Hardware,USD,2017,Actuals,-14981390.0,-11768480.0,-13481513.0,-15681576.0,-10257861.0,-14264605.0,-19353821.0,-8653531.0,-13737554.0,-7848305.0,-11711526.0,-15747097.0
155,Commissions Expense,Hardware,USD,2017,Actuals,-1587761.0,-1170710.0,-1624574.0,-1691834.0,-1049741.0,-1359614.0,-1758131.0,-711793.0,-1388918.0,-779205.0,-1144606.0,-1522730.0
156,Payroll Expense,Hardware,USD,2017,Actuals,-4033118.0,-2804073.0,-4114440.0,-4458834.0,-2464577.0,-3718795.0,-4094125.0,-1938707.0,-3630932.0,-1950807.0,-2705544.0,-3793540.0
157,Travel & Entertainment Expense,Hardware,USD,2017,Actuals,-398121.0,-274894.0,-376456.0,-391528.0,-237490.0,-368441.0,-448153.0,-216891.0,-307907.0,-218441.0,-324610.0,-329602.0
158,R&D Expense,Hardware,USD,2017,Actuals,-1635112.0,-1019814.0,-1426689.0,-1679837.0,-1135315.0,-1541375.0,-1814752.0,-836674.0,-1253636.0,-853717.0,-1294484.0,-1425518.0
159,Consulting Expense,Hardware,USD,2017,Actuals,-1927676.0,-1328400.0,-2069551.0,-1887355.0,-1156009.0,-1784928.0,-2248306.0,-910768.0,-1580888.0,-1158277.0,-1560426.0,-1837473.0
160,Software/Hardware Expense,Hardware,USD,2017,Actuals,-3044114.0,-1819545.0,-2617322.0,-2755287.0,-1805785.0,-2873587.0,-2847737.0,-1476154.0,-2221842.0,-1549413.0,-2203496.0,-2541935.0
161,Marketing Expense,Hardware,USD,2017,Actuals,-776342.0,-495765.0,-711063.0,-748765.0,-469993.0,-773003.0,-859144.0,-386918.0,-662455.0,-414101.0,-546738.0,-757113.0
162,Sales,Software,USD,2018,Actuals,66435319.0,60115140.0,90236987.0,54994813.0,77231074.0,97709573.0,64318085.0,79972600.0,62710249.0,73998780.0,82673488.0,70499145.0
163,Cost of Goods Sold,Software,USD,2018,Actuals,-27104860.0,-25436907.0,-38384450.0,-23720725.0,-36998377.0,-46943978.0,-31836477.0,-36494840.0,-29353102.0,-35974519.0,-40171071.0,-30494072.0
164,Commissions Expense,Software,USD,2018,Actuals,-2713289.0,-2643762.0,-4018302.0,-2737615.0,-3424073.0,-4573850.0,-2772432.0,-3672921.0,-2644431.0,-3537843.0,-4098546.0,-3359690.0
165,Payroll Expense,Software,USD,2018,Actuals,-8280603.0,-6867597.0,-10628214.0,-6468370.0,-8682088.0,-11568082.0,-7856495.0,-8885299.0,-6676267.0,-8373131.0,-8920804.0,-8578713.0
166,Travel & Entertainment Expense,Software,USD,2018,Actuals,-761347.0,-628778.0,-1073369.0,-560203.0,-871981.0,-1080688.0,-688880.0,-947587.0,-676254.0,-923896.0,-962429.0,-855002.0
167,R&D Expense,Software,USD,2018,Actuals,-3297070.0,-2664533.0,-3735439.0,-2501090.0,-3836860.0,-4417304.0,-2616145.0,-3898946.0,-2650136.0,-3476472.0,-3736829.0,-3209049.0
168,Consulting Expense,Software,USD,2018,Actuals,-3652403.0,-3552663.0,-5623204.0,-3054682.0,-4799777.0,-5403494.0,-3641178.0,-4648622.0,-3871484.0,-4221212.0,-4985822.0,-4096376.0
169,Software/Hardware Expense,Software,USD,2018,Actuals,-5091475.0,-4367071.0,-6833347.0,-4733816.0,-5744222.0,-6903913.0,-4696016.0,-6896595.0,-5081194.0,-5804680.0,-6640954.0,-5266263.0
170,Marketing Expense,Software,USD,2018,Actuals,-1645124.0,-1278801.0,-2131484.0,-1100717.0,-1826309.0,-2015110.0,-1398743.0,-1918888.0,-1344274.0,-1671309.0,-1653663.0,-1643350.0
171,Sales,Advertising,USD,2018,Actuals,16608829.75,16832239.200000003,25266356.360000003,10998962.600000001,16990836.28,25404488.98,14149978.7,23991780.0,16304664.74,19979670.6,23148576.64,19739760.6
172,Cost of Goods Sold,Advertising,USD,2018,Actuals,-8236344.0,-8042610.0,-12117107.0,-4675346.0,-7100562.0,-12588151.0,-6704128.0,-9779210.0,-6610140.0,-8562162.0,-10079814.0,-9396643.0
173,Commissions Expense,Advertising,USD,2018,Actuals,-766208.0,-784700.0,-1035635.0,-524075.0,-787515.0,-1019983.0,-649211.0,-1055240.0,-806585.0,-868806.0,-1036773.0,-865246.0
174,Payroll Expense,Advertising,USD,2018,Actuals,-1687861.0,-1908906.0,-3099461.0,-1158181.0,-2113347.0,-3001777.0,-1491212.0,-2710528.0,-1710242.0,-2053307.0,-2397887.0,-2075965.0
175,Travel & Entertainment Expense,Advertising,USD,2018,Actuals,-178587.0,-177141.0,-265218.0,-116156.0,-182402.0,-286611.0,-172955.0,-254330.0,-201909.0,-219276.0,-272949.0,-226471.0
176,R&D Expense,Advertising,USD,2018,Actuals,-822885.0,-719356.0,-1228124.0,-506867.0,-775835.0,-1025959.0,-702957.0,-989842.0,-748322.0,-838544.0,-1076008.0,-878808.0
177,Consulting Expense,Advertising,USD,2018,Actuals,-878445.0,-1015003.0,-1544184.0,-624903.0,-981395.0,-1409322.0,-769986.0,-1360544.0,-823428.0,-1191494.0,-1337302.0,-1224978.0
178,Software/Hardware Expense,Advertising,USD,2018,Actuals,-1383309.0,-1184231.0,-2046108.0,-895975.0,-1219125.0,-2071773.0,-1049534.0,-1731716.0,-1319856.0,-1570667.0,-1745114.0,-1554713.0
179,Marketing Expense,Advertising,USD,2018,Actuals,-372008.0,-360544.0,-570065.0,-262663.0,-396364.0,-550129.0,-307493.0,-531975.0,-399869.0,-436804.0,-506081.0,-467366.0
180,Sales,Hardware,USD,2018,Actuals,22588008.46,21641450.4,27071096.099999998,20348080.81,30120118.86,31267063.36,23797691.45,28790136.0,23829894.62,25899573.0,33069395.200000003,26084683.65
181,Cost of Goods Sold,Hardware,USD,2018,Actuals,-10265791.0,-9595925.0,-12320892.0,-9627717.0,-12962874.0,-13064551.0,-9571992.0,-12221156.0,-11418990.0,-12077910.0,-16179555.0,-10510360.0
182,Commissions Expense,Hardware,USD,2018,Actuals,-1109715.0,-990616.0,-1310557.0,-982150.0,-1364098.0,-1391285.0,-1187160.0,-1378779.0,-1128203.0,-1221475.0,-1462497.0,-1098303.0
183,Payroll Expense,Hardware,USD,2018,Actuals,-2815912.0,-2488177.0,-2965661.0,-2283610.0,-3049013.0,-3229385.0,-2723303.0,-3347966.0,-2808206.0,-2898991.0,-3824182.0,-3110761.0
184,Travel & Entertainment Expense,Hardware,USD,2018,Actuals,-277101.0,-268307.0,-300695.0,-226664.0,-330688.0,-356708.0,-270129.0,-330116.0,-264694.0,-268441.0,-394967.0,-294530.0
185,R&D Expense,Hardware,USD,2018,Actuals,-1046413.0,-1064705.0,-1317015.0,-983951.0,-1474255.0,-1337033.0,-1172106.0,-1205747.0,-1043533.0,-1076071.0,-1635486.0,-1206801.0
186,Consulting Expense,Hardware,USD,2018,Actuals,-1137395.0,-1145692.0,-1437771.0,-1170661.0,-1752088.0,-1811436.0,-1373270.0,-1462352.0,-1439071.0,-1542875.0,-1812241.0,-1339934.0
187,Software/Hardware Expense,Hardware,USD,2018,Actuals,-1730428.0,-1612677.0,-2147516.0,-1745476.0,-2269548.0,-2465032.0,-1914360.0,-2183078.0,-1990329.0,-1869047.0,-2468988.0,-1921595.0
188,Marketing Expense,Hardware,USD,2018,Actuals,-549275.0,-522414.0,-595592.0,-499668.0,-604911.0,-719662.0,-588651.0,-600730.0,-590466.0,-576820.0,-783592.0,-563187.0
189,Sales,Software,USD,2019,Actuals,93925775.0,74821680.0,85600673.0,76646440.0,79863817.0,55912270.0,79685077.0,75122784.0,67143263.0,86159862.0,76968833.0,69967979.0
190,Cost of Goods Sold,Software,USD,2019,Actuals,-44392971.0,-32181042.0,-35760851.0,-35264635.0,-35248824.0,-23149330.0,-34752454.0,-34860156.0,-27438935.0,-39136737.0,-31245199.0,-30213783.0
191,Commissions Expense,Software,USD,2019,Actuals,-4343758.0,-3359430.0,-3895028.0,-3677401.0,-3875744.0,-2739844.0,-3745877.0,-3435719.0,-3318784.0,-3556874.0,-3543487.0,-3170203.0
192,Payroll Expense,Software,USD,2019,Actuals,-10410570.0,-7492567.0,-9830922.0,-8236178.0,-9111360.0,-5732127.0,-9582968.0,-8080224.0,-8219184.0,-8720852.0,-8289269.0,-7400943.0
193,Travel & Entertainment Expense,Software,USD,2019,Actuals,-1013731.0,-791949.0,-1022834.0,-918382.0,-840954.0,-561209.0,-939529.0,-768568.0,-832059.0,-975463.0,-913816.0,-775184.0
194,R&D Expense,Software,USD,2019,Actuals,-4644817.0,-3595006.0,-3948370.0,-3595290.0,-3639614.0,-2496842.0,-3301698.0,-3520724.0,-2763529.0,-4269633.0,-3402942.0,-3029013.0
195,Consulting Expense,Software,USD,2019,Actuals,-4979698.0,-4435793.0,-4778009.0,-4754163.0,-4664933.0,-2931067.0,-4639082.0,-3992375.0,-3635430.0,-4790506.0,-3919710.0,-3675104.0
196,Software/Hardware Expense,Software,USD,2019,Actuals,-7407369.0,-6226870.0,-7033820.0,-6283426.0,-6682029.0,-4138949.0,-5590768.0,-5268218.0,-4841180.0,-6750935.0,-6303933.0,-5630389.0
197,Marketing Expense,Software,USD,2019,Actuals,-1956457.0,-1720137.0,-2128417.0,-1672934.0,-1630486.0,-1155823.0,-1933737.0,-1641920.0,-1480543.0,-1809342.0,-1570718.0,-1633705.0
198,Sales,Advertising,USD,2019,Actuals,20663670.5,20950070.400000002,25680201.9,22993932.0,16771401.57,14537190.200000001,22311821.560000002,15775784.639999999,15442950.49,18093571.02,16933143.26,14693275.59
199,Cost of Goods Sold,Advertising,USD,2019,Actuals,-8508915.0,-10304746.0,-12517373.0,-9859051.0,-6865712.0,-6772562.0,-8950825.0,-7590684.0,-7132203.0,-7942616.0,-7868673.0,-6027183.0
200,Commissions Expense,Advertising,USD,2019,Actuals,-907552.0,-996432.0,-1050172.0,-1007411.0,-685653.0,-720826.0,-924673.0,-770345.0,-734261.0,-899147.0,-808478.0,-706131.0
201,Payroll Expense,Advertising,USD,2019,Actuals,-2448583.0,-2391536.0,-2851891.0,-2338942.0,-1988754.0,-1512300.0,-2373330.0,-1709943.0,-1561720.0,-2224218.0,-2066473.0,-1477534.0
202,Travel & Entertainment Expense,Advertising,USD,2019,Actuals,-232296.0,-221176.0,-259024.0,-239313.0,-173459.0,-145469.0,-276387.0,-181197.0,-167260.0,-199198.0,-173160.0,-156797.0
203,R&D Expense,Advertising,USD,2019,Actuals,-896638.0,-945985.0,-1072491.0,-1138580.0,-765907.0,-590365.0,-926585.0,-715140.0,-691264.0,-778336.0,-702619.0,-644524.0
204,Consulting Expense,Advertising,USD,2019,Actuals,-1036658.0,-1191081.0,-1453675.0,-1419262.0,-938782.0,-763861.0,-1141341.0,-909348.0,-801672.0,-1077622.0,-899513.0,-770599.0
205,Software/Hardware Expense,Advertising,USD,2019,Actuals,-1662699.0,-1508105.0,-2020361.0,-1703999.0,-1422906.0,-1092346.0,-1924272.0,-1220195.0,-1122540.0,-1320824.0,-1254355.0,-1248757.0
206,Marketing Expense,Advertising,USD,2019,Actuals,-474519.0,-436767.0,-574482.0,-464102.0,-383468.0,-313859.0,-475888.0,-366084.0,-329879.0,-442129.0,-387635.0,-358088.0
207,Sales,Hardware,USD,2019,Actuals,34752536.75,24691154.400000002,25680201.9,26826254.0,27952335.95,21246662.6,26296075.41,23288063.04,24843007.31,31017550.32,23090649.9,22389753.28
208,Cost of Goods Sold,Hardware,USD,2019,Actuals,-14132859.0,-11727435.0,-12222578.0,-13093645.0,-11370112.0,-9026733.0,-12160565.0,-10002285.0,-11921132.0,-14296442.0,-9686848.0,-9711164.0
209,Commissions Expense,Hardware,USD,2019,Actuals,-1463871.0,-1024242.0,-1101040.0,-1272176.0,-1358858.0,-1043087.0,-1221437.0,-1026974.0,-1116490.0,-1526346.0,-982952.0,-906448.0
210,Payroll Expense,Hardware,USD,2019,Actuals,-4043986.0,-3022354.0,-2798525.0,-3154983.0,-3444409.0,-2213428.0,-2708520.0,-2339885.0,-2643065.0,-3522777.0,-2616321.0,-2740005.0
211,Travel & Entertainment Expense,Hardware,USD,2019,Actuals,-381615.0,-267722.0,-278956.0,-268977.0,-338877.0,-238395.0,-279772.0,-248213.0,-268330.0,-320068.0,-282749.0,-231541.0
212,R&D Expense,Hardware,USD,2019,Actuals,-1674547.0,-1147043.0,-1157373.0,-1173747.0,-1210176.0,-1017288.0,-1201326.0,-964366.0,-1145590.0,-1406101.0,-1094642.0,-1115642.0
213,Consulting Expense,Hardware,USD,2019,Actuals,-2111557.0,-1412954.0,-1291124.0,-1397498.0,-1565368.0,-1326379.0,-1622439.0,-1226635.0,-1262100.0,-1748576.0,-1384323.0,-1324557.0
214,Software/Hardware Expense,Hardware,USD,2019,Actuals,-2621552.0,-2126728.0,-2055611.0,-2208062.0,-2194136.0,-1668825.0,-2109233.0,-1880439.0,-1804729.0,-2534420.0,-1619891.0,-1722891.0
215,Marketing Expense,Hardware,USD,2019,Actuals,-803681.0,-503961.0,-633831.0,-642450.0,-677962.0,-500671.0,-593208.0,-566165.0,-563553.0,-626673.0,-507695.0,-465617.0
216,Sales,Software,USD,2020,Actuals,71093649.0,69761443.0,67749499.0,83659411.0,50706283.0,74230386.0,51880363.0,58898540.0,56982904.0,67960764.0,58782343.0,65096491.0
217,Cost of Goods Sold,Software,USD,2020,Actuals,-34103526.0,-30206863.0,-27470575.0,-34682066.0,-21826243.0,-32436605.0,-23222375.0,-28728685.0,-23629340.0,-28163573.0,-24647818.0,-28092094.0
218,Commissions Expense,Software,USD,2020,Actuals,-3016900.0,-2897074.0,-2761210.0,-3560904.0,-2517220.0,-3437933.0,-2249876.0,-2890523.0,-2817192.0,-3178807.0,-2858642.0,-2855070.0
219,Payroll Expense,Software,USD,2020,Actuals,-8603051.0,-8541760.0,-7322344.0,-9801852.0,-5175406.0,-9241021.0,-5986060.0,-6079566.0,-5882738.0,-8279558.0,-7285772.0,-6906703.0
220,Travel & Entertainment Expense,Software,USD,2020,Actuals,-796316.0,-740890.0,-771325.0,-1023766.0,-537167.0,-840678.0,-627016.0,-672096.0,-687082.0,-827969.0,-652417.0,-684807.0
221,R&D Expense,Software,USD,2020,Actuals,-3002990.0,-3340409.0,-3004524.0,-3551194.0,-2323218.0,-3371500.0,-2449904.0,-2845127.0,-2572883.0,-3307355.0,-2605638.0,-2647248.0
222,Consulting Expense,Software,USD,2020,Actuals,-4083940.0,-4181857.0,-4200785.0,-4354377.0,-2601329.0,-4369202.0,-2990522.0,-3089502.0,-3010004.0,-3493197.0,-3343278.0,-3550075.0
223,Software/Hardware Expense,Software,USD,2020,Actuals,-5003748.0,-5633221.0,-5888134.0,-6870676.0,-4221289.0,-5755164.0,-4216369.0,-4657751.0,-4782116.0,-5305882.0,-4508253.0,-4768388.0
224,Marketing Expense,Software,USD,2020,Actuals,-1468157.0,-1469241.0,-1405114.0,-1822159.0,-1017235.0,-1738189.0,-1064356.0,-1323706.0,-1303816.0,-1536288.0,-1447553.0,-1519478.0
225,Sales,Advertising,USD,2020,Actuals,19906221.720000003,18137975.18,19647354.709999997,25097823.3,10648319.43,21526811.939999998,14526501.64,16491591.200000001,16525042.159999998,13592152.8,14695585.75,13019298.200000001
226,Cost of Goods Sold,Advertising,USD,2020,Actuals,-9592107.0,-9049303.0,-9807183.0,-11464436.0,-4745875.0,-10693878.0,-6229151.0,-7884523.0,-8201633.0,-5539328.0,-6939494.0,-6033112.0
227,Commissions Expense,Advertising,USD,2020,Actuals,-804051.0,-766774.0,-921681.0,-1085414.0,-463729.0,-1036334.0,-711009.0,-706193.0,-784668.0,-633819.0,-678505.0,-631242.0
228,Payroll Expense,Advertising,USD,2020,Actuals,-2107365.0,-2071573.0,-2428629.0,-2973881.0,-1174690.0,-2393657.0,-1495456.0,-2058910.0,-1881183.0,-1641870.0,-1587200.0,-1436411.0
229,Travel & Entertainment Expense,Advertising,USD,2020,Actuals,-211617.0,-211295.0,-229589.0,-270401.0,-122946.0,-258829.0,-176747.0,-187172.0,-194172.0,-161178.0,-149018.0,-141587.0
230,R&D Expense,Advertising,USD,2020,Actuals,-882849.0,-828192.0,-913737.0,-1198314.0,-519107.0,-889744.0,-625608.0,-818157.0,-764727.0,-613550.0,-625269.0,-540653.0
231,Consulting Expense,Advertising,USD,2020,Actuals,-1206445.0,-976986.0,-990981.0,-1537362.0,-578191.0,-1230978.0,-824107.0,-991865.0,-928975.0,-794276.0,-738682.0,-726502.0
232,Software/Hardware Expense,Advertising,USD,2020,Actuals,-1691907.0,-1377291.0,-1682587.0,-2080797.0,-912271.0,-1790551.0,-1201477.0,-1331378.0,-1375724.0,-1029583.0,-1099874.0,-971165.0
233,Marketing Expense,Advertising,USD,2020,Actuals,-405268.0,-427770.0,-436628.0,-571749.0,-215818.0,-475706.0,-313756.0,-370356.0,-361297.0,-302763.0,-310799.0,-262708.0
234,Sales,Hardware,USD,2020,Actuals,23460904.17,23718890.62,24389819.64,26771011.52,19268387.54,25238331.240000002,19195734.31,20614489.0,21083674.48,24465875.04,19398173.19,23434736.759999998
235,Cost of Goods Sold,Hardware,USD,2020,Actuals,-11301138.0,-11040566.0,-11385210.0,-12065519.0,-8004994.0,-11169399.0,-8198056.0,-9583888.0,-8854962.0,-10326236.0,-8135464.0,-9435110.0
236,Commissions Expense,Hardware,USD,2020,Actuals,-1040217.0,-1037564.0,-1012661.0,-1187032.0,-888831.0,-1025650.0,-897572.0,-943461.0,-945482.0,-1126584.0,-946140.0,-985301.0
237,Payroll Expense,Hardware,USD,2020,Actuals,-2686116.0,-2811436.0,-2564638.0,-3193324.0,-2094388.0,-2712239.0,-2266614.0,-2314678.0,-2597975.0,-3028352.0,-2170564.0,-2619732.0
238,Travel & Entertainment Expense,Hardware,USD,2020,Actuals,-261109.0,-251233.0,-284032.0,-274954.0,-222389.0,-302896.0,-215682.0,-212824.0,-237617.0,-281077.0,-230799.0,-255866.0
239,R&D Expense,Hardware,USD,2020,Actuals,-1079788.0,-967463.0,-1074051.0,-1258729.0,-829188.0,-1219308.0,-868457.0,-1002976.0,-929444.0,-984727.0,-895091.0,-998052.0
240,Consulting Expense,Hardware,USD,2020,Actuals,-1259836.0,-1466091.0,-1329954.0,-1342208.0,-968525.0,-1551135.0,-1060193.0,-1219376.0,-1176567.0,-1460487.0,-1009016.0,-1300408.0
241,Software/Hardware Expense,Hardware,USD,2020,Actuals,-1761633.0,-2015134.0,-1826370.0,-1914691.0,-1446972.0,-1896300.0,-1597721.0,-1538757.0,-1704116.0,-1897036.0,-1495845.0,-1910300.0
242,Marketing Expense,Hardware,USD,2020,Actuals,-565050.0,-523149.0,-596925.0,-643179.0,-442670.0,-528793.0,-428292.0,-448126.0,-442125.0,-526927.0,-439699.0,-491968.0
243,Sales,Software,USD,2021,Actuals,59639063.0,63214286.0,68906761.0,89830559.0,68972328.0,59933044.0,72743937.0,88182249.0,78099559.0,53303092.0,86545338.0,71448927.0
244,Cost of Goods Sold,Software,USD,2021,Actuals,-23973231.0,-30015539.0,-31134647.0,-40970359.0,-30502322.0,-27410189.0,-31991409.0,-42313803.0,-36050532.0,-22452316.0,-37931056.0,-34824020.0
245,Commissions Expense,Software,USD,2021,Actuals,-2750475.0,-2995013.0,-3278513.0,-4096853.0,-3074312.0,-2633099.0,-3191085.0,-3613606.0,-3551148.0,-2501128.0,-4117957.0,-2909146.0
246,Payroll Expense,Software,USD,2021,Actuals,-6051302.0,-6651645.0,-8229415.0,-9866087.0,-7274833.0,-7190572.0,-8102482.0,-10459385.0,-8592628.0,-6623440.0,-9176467.0,-8483908.0
247,Travel & Entertainment Expense,Software,USD,2021,Actuals,-717745.0,-784976.0,-740504.0,-1034005.0,-808709.0,-686323.0,-731485.0,-990377.0,-910664.0,-637021.0,-1007342.0,-861790.0
248,R&D Expense,Software,USD,2021,Actuals,-2960261.0,-2719473.0,-2866789.0,-4414681.0,-3351655.0,-2840401.0,-3326958.0,-3812188.0,-3316582.0,-2454320.0,-4133391.0,-3270907.0
249,Consulting Expense,Software,USD,2021,Actuals,-3649541.0,-3533553.0,-3458216.0,-5592271.0,-4005701.0,-3358984.0,-3687848.0,-4759089.0,-3918876.0,-2669925.0,-4358844.0,-3840200.0
250,Software/Hardware Expense,Software,USD,2021,Actuals,-4957360.0,-4832819.0,-4998813.0,-7119942.0,-5290282.0,-4874238.0,-5408483.0,-7479531.0,-5546489.0,-4167715.0,-6192072.0,-5068422.0
251,Marketing Expense,Software,USD,2021,Actuals,-1367303.0,-1548216.0,-1696682.0,-1972953.0,-1689063.0,-1441599.0,-1643564.0,-1883983.0,-1926635.0,-1133926.0,-1930167.0,-1647005.0
252,Sales,Advertising,USD,2021,Actuals,11927812.600000001,13275000.059999999,14470419.809999999,24254250.930000003,18622528.560000002,14383930.559999999,15276226.77,25572852.209999997,18743894.16,14391834.840000002,22501787.88,15718763.94
253,Cost of Goods Sold,Advertising,USD,2021,Actuals,-5053779.0,-6371606.0,-6108911.0,-11077101.0,-9193559.0,-6219209.0,-7314288.0,-10632631.0,-7663770.0,-5778185.0,-10821067.0,-7450108.0
254,Commissions Expense,Advertising,USD,2021,Actuals,-492817.0,-565371.0,-708801.0,-1088792.0,-859144.0,-642937.0,-657708.0,-1154461.0,-889947.0,-630696.0,-901973.0,-676420.0
255,Payroll Expense,Advertising,USD,2021,Actuals,-1386136.0,-1379450.0,-1749461.0,-2801736.0,-2056382.0,-1705969.0,-1684701.0,-2697955.0,-2211580.0,-1544845.0,-2647562.0,-1932499.0
256,Travel & Entertainment Expense,Advertising,USD,2021,Actuals,-131523.0,-161711.0,-172700.0,-266573.0,-230679.0,-179379.0,-165428.0,-315550.0,-224935.0,-168787.0,-240615.0,-180581.0
257,R&D Expense,Advertising,USD,2021,Actuals,-538128.0,-661583.0,-625462.0,-1052988.0,-890043.0,-712398.0,-638422.0,-1178248.0,-765041.0,-607327.0,-958441.0,-630264.0
258,Consulting Expense,Advertising,USD,2021,Actuals,-715824.0,-732141.0,-899514.0,-1234506.0,-1078382.0,-795168.0,-921206.0,-1355263.0,-1118497.0,-885131.0,-1383842.0,-879683.0
259,Software/Hardware Expense,Advertising,USD,2021,Actuals,-850624.0,-1078967.0,-1072288.0,-1843256.0,-1363107.0,-1086298.0,-1289100.0,-2054031.0,-1505668.0,-1189134.0,-1672064.0,-1353879.0
260,Marketing Expense,Advertising,USD,2021,Actuals,-256750.0,-303363.0,-358131.0,-533856.0,-456091.0,-307618.0,-377198.0,-633324.0,-439078.0,-327293.0,-523231.0,-381235.0
261,Sales,Hardware,USD,2021,Actuals,22066453.31,20860714.380000003,25495501.57,35932223.6,22760868.240000002,22774556.72,23278059.84,32627432.13,29677832.42,15990927.6,32021775.06,23578145.91
262,Cost of Goods Sold,Hardware,USD,2021,Actuals,-10194386.0,-8775712.0,-11649875.0,-16904734.0,-10156730.0,-9308845.0,-11485654.0,-13335082.0,-13144907.0,-7121589.0,-14605277.0,-10457408.0
263,Commissions Expense,Hardware,USD,2021,Actuals,-1020928.0,-962457.0,-1256682.0,-1466447.0,-1128295.0,-1097226.0,-991610.0,-1523961.0,-1263413.0,-756846.0,-1410397.0,-1032096.0
264,Payroll Expense,Hardware,USD,2021,Actuals,-2444611.0,-2272245.0,-2641782.0,-4039512.0,-2624973.0,-2743062.0,-2434704.0,-4055672.0,-3164216.0,-1753146.0,-3557338.0,-2534072.0
265,Travel & Entertainment Expense,Hardware,USD,2021,Actuals,-275381.0,-210026.0,-317279.0,-388332.0,-242804.0,-235914.0,-250881.0,-404914.0,-314764.0,-162558.0,-362132.0,-245425.0
266,R&D Expense,Hardware,USD,2021,Actuals,-982133.0,-1031282.0,-1031427.0,-1571161.0,-1047047.0,-915792.0,-1130410.0,-1332285.0,-1469427.0,-750448.0,-1514250.0,-1098678.0
267,Consulting Expense,Hardware,USD,2021,Actuals,-1125007.0,-1299618.0,-1392648.0,-2179140.0,-1402417.0,-1417237.0,-1366474.0,-1706626.0,-1557322.0,-802577.0,-1970207.0,-1423960.0
268,Software/Hardware Expense,Hardware,USD,2021,Actuals,-1892953.0,-1758305.0,-2114471.0,-2948387.0,-1767142.0,-1705036.0,-2010684.0,-2567132.0,-2136189.0,-1232918.0,-2637095.0,-2009167.0
269,Marketing Expense,Hardware,USD,2021,Actuals,-535336.0,-469896.0,-589539.0,-871134.0,-466384.0,-548868.0,-518774.0,-742349.0,-717617.0,-394682.0,-746161.0,-544340.0
270,Sales,Software,USD,2022,Actuals,78338286.0,58034151.0,75874351.0,87725417.0,84878696.0,73990027.0,95372852.0,83104256.0,52883151.0,61528451.0,91089451.0,87746916.0
271,Cost of Goods Sold,Software,USD,2022,Actuals,-32377742.0,-26379976.0,-33823729.0,-41186038.0,-40605218.0,-31555193.0,-46768008.0,-33951735.0,-24520783.0,-24743822.0,-36760421.0,-43815665.0
272,Commissions Expense,Software,USD,2022,Actuals,-3477740.0,-2612821.0,-3043000.0,-4206639.0,-3635596.0,-3390988.0,-4751711.0,-3385162.0,-2396080.0,-2929053.0,-4196677.0,-3591506.0
273,Payroll Expense,Software,USD,2022,Actuals,-8777061.0,-5956476.0,-8788853.0,-9995832.0,-8550645.0,-8956466.0,-11183485.0,-8871134.0,-6351611.0,-7670731.0,-9827555.0,-9599585.0
274,Travel & Entertainment Expense,Software,USD,2022,Actuals,-851217.0,-648182.0,-827626.0,-971146.0,-1009775.0,-865150.0,-1184627.0,-992651.0,-601399.0,-727376.0,-1128223.0,-1000127.0
275,R&D Expense,Software,USD,2022,Actuals,-3158339.0,-2728823.0,-3421161.0,-4332736.0,-4162923.0,-3139829.0,-4315056.0,-3425707.0,-2305237.0,-2579902.0,-4086474.0,-4146068.0
276,Consulting Expense,Software,USD,2022,Actuals,-4069215.0,-3519759.0,-4009533.0,-4836632.0,-5257809.0,-4412376.0,-4985773.0,-4979583.0,-2840712.0,-3475369.0,-4584362.0,-4474219.0
277,Software/Hardware Expense,Software,USD,2022,Actuals,-6585349.0,-4759687.0,-6493370.0,-6546763.0,-6734243.0,-6212732.0,-8195799.0,-6417083.0,-4176227.0,-5193726.0,-6901697.0,-7639360.0
278,Marketing Expense,Software,USD,2022,Actuals,-1828234.0,-1342350.0,-1751692.0,-2175232.0,-1829981.0,-1789035.0,-1954312.0,-2007974.0,-1094268.0,-1521032.0,-1827984.0,-1900742.0
279,Sales,Advertising,USD,2022,Actuals,19584571.5,14508537.75,17451100.73,22808608.42,21219674.0,19977307.290000003,21935755.96,24931276.8,15336113.79,13536259.22,26415940.79,20181790.68
280,Cost of Goods Sold,Advertising,USD,2022,Actuals,-8362230.0,-6091621.0,-8316059.0,-10159328.0,-8624806.0,-9693159.0,-9579056.0,-9973478.0,-6228310.0,-6023754.0,-10593290.0,-8974298.0
281,Commissions Expense,Advertising,USD,2022,Actuals,-915086.0,-612941.0,-823113.0,-916944.0,-880691.0,-867181.0,-960417.0,-1047426.0,-623688.0,-675831.0,-1132922.0,-970183.0
282,Payroll Expense,Advertising,USD,2022,Actuals,-2065945.0,-1474640.0,-2117096.0,-2790604.0,-2540908.0,-2325558.0,-2387390.0,-3056599.0,-1798103.0,-1677834.0,-3256778.0,-2424353.0
283,Travel & Entertainment Expense,Advertising,USD,2022,Actuals,-240447.0,-157072.0,-183016.0,-241630.0,-239007.0,-238586.0,-266862.0,-274476.0,-188419.0,-144601.0,-275592.0,-214592.0
284,R&D Expense,Advertising,USD,2022,Actuals,-796397.0,-610923.0,-729783.0,-913075.0,-1012763.0,-882471.0,-1093311.0,-1137735.0,-686706.0,-582618.0,-1127220.0,-876587.0
285,Consulting Expense,Advertising,USD,2022,Actuals,-1199233.0,-811310.0,-900254.0,-1164976.0,-1151854.0,-1034607.0,-1285049.0,-1518350.0,-866477.0,-705238.0,-1549744.0,-1249787.0
286,Software/Hardware Expense,Advertising,USD,2022,Actuals,-1445011.0,-1126211.0,-1306570.0,-1839960.0,-1539232.0,-1482785.0,-1588028.0,-1880876.0,-1288625.0,-1107308.0,-2083925.0,-1761373.0
287,Marketing Expense,Advertising,USD,2022,Actuals,-420494.0,-304699.0,-395657.0,-479567.0,-522262.0,-404189.0,-497618.0,-499475.0,-321370.0,-275373.0,-589065.0,-494276.0
288,Sales,Hardware,USD,2022,Actuals,30551931.540000003,19731611.34,24279792.32,35090166.800000004,26312395.76,25896509.45,31473041.16,27424404.48,21153260.400000002,24611380.400000002,30059518.830000002,30711420.599999998
289,Cost of Goods Sold,Hardware,USD,2022,Actuals,-13819091.0,-9286529.0,-10933750.0,-15827962.0,-12543885.0,-11801803.0,-15410493.0,-12281930.0,-8667400.0,-10416735.0,-12874137.0,-15312570.0
290,Commissions Expense,Hardware,USD,2022,Actuals,-1369961.0,-942250.0,-1067439.0,-1630125.0,-1266063.0,-1202899.0,-1418412.0,-1366956.0,-922278.0,-1025165.0,-1394203.0,-1252426.0
291,Payroll Expense,Hardware,USD,2022,Actuals,-3344503.0,-2300612.0,-2595976.0,-3778056.0,-3167287.0,-2947517.0,-3546969.0,-2816091.0,-2552955.0,-2506235.0,-3473277.0,-3338330.0
292,Travel & Entertainment Expense,Hardware,USD,2022,Actuals,-338744.0,-244628.0,-271723.0,-354541.0,-300962.0,-260911.0,-327018.0,-336207.0,-259047.0,-300466.0,-322986.0,-313283.0
293,R&D Expense,Hardware,USD,2022,Actuals,-1468744.0,-973887.0,-1032242.0,-1717271.0,-1287760.0,-1206283.0,-1470777.0,-1246641.0,-1025992.0,-1104742.0,-1379202.0,-1486638.0
294,Consulting Expense,Hardware,USD,2022,Actuals,-1633292.0,-1089178.0,-1472323.0,-2057777.0,-1473412.0,-1538962.0,-1683014.0,-1385482.0,-1129867.0,-1300291.0,-1689964.0,-1833600.0
295,Software/Hardware Expense,Hardware,USD,2022,Actuals,-2276556.0,-1464050.0,-2030413.0,-2759580.0,-2279559.0,-2087858.0,-2509070.0,-2137231.0,-1498973.0,-2006400.0,-2628526.0,-2421145.0
296,Marketing Expense,Hardware,USD,2022,Actuals,-661654.0,-401978.0,-494551.0,-729508.0,-547250.0,-536085.0,-699474.0,-582080.0,-490459.0,-554075.0,-629658.0,-720295.0
297,Sales,Software,USD,2023,Budget,89862727.0,99687807.0,99378570.0,55271910.0,83758431.0,51637163.0,76348472.0,66086281.0,80081331.0,83886832.0,95750606.0,87036633.0
298,Cost of Goods Sold,Software,USD,2023,Budget,-39040130.0,-39921367.0,-45671498.0,-25801859.0,-39706126.0,-24992558.0,-31073960.0,-27470867.0,-33718513.0,-35019709.0,-45131670.0,-36256184.0
299,Commissions Expense,Software,USD,2023,Budget,-4014208.0,-4730507.0,-4051116.0,-2388743.0,-3788314.0,-2165366.0,-3369016.0,-2871769.0,-3799113.0,-3974617.0,-4757153.0,-3920259.0
300,Payroll Expense,Software,USD,2023,Budget,-11164524.0,-11563467.0,-10590962.0,-6628891.0,-10201147.0,-6336226.0,-8308362.0,-8049766.0,-9552167.0,-9069604.0,-11039826.0,-9218680.0
301,Travel & Entertainment Expense,Software,USD,2023,Budget,-903966.0,-1205019.0,-1010356.0,-636949.0,-1015796.0,-595479.0,-766242.0,-750665.0,-951950.0,-1022303.0,-1058471.0,-1058724.0
302,R&D Expense,Software,USD,2023,Budget,-3929016.0,-4147710.0,-4445473.0,-2698906.0,-3896549.0,-2130630.0,-3614931.0,-2980311.0,-3888537.0,-3741844.0,-4366391.0,-3894310.0
303,Consulting Expense,Software,USD,2023,Budget,-5487234.0,-6089746.0,-5750018.0,-3304967.0,-4958093.0,-2792253.0,-4640076.0,-3464963.0,-4767705.0,-4724399.0,-5050221.0,-4982632.0
304,Software/Hardware Expense,Software,USD,2023,Budget,-7158940.0,-7286160.0,-7691904.0,-4033310.0,-6604421.0,-3616980.0,-5679051.0,-5089930.0,-5618855.0,-5999913.0,-7841981.0,-6140271.0
305,Marketing Expense,Software,USD,2023,Budget,-1991503.0,-2443588.0,-2092138.0,-1127262.0,-2079479.0,-1036044.0,-1616405.0,-1643097.0,-1843345.0,-1693056.0,-2018243.0,-2002915.0
306,Sales,Advertising,USD,2023,Budget,23364309.02,21931317.54,19875714.0,14923415.700000001,20102023.439999998,14974777.27,15269694.4,17843295.87,20821146.060000002,18455103.04,28725181.8,23499890.91
307,Cost of Goods Sold,Advertising,USD,2023,Budget,-9770870.0,-9977447.0,-9318571.0,-7177432.0,-10040815.0,-6705472.0,-6527053.0,-7338883.0,-8598615.0,-8754005.0,-12960586.0,-10440153.0
308,Commissions Expense,Advertising,USD,2023,Budget,-998448.0,-906026.0,-816425.0,-657707.0,-898385.0,-723954.0,-621806.0,-778231.0,-920749.0,-855672.0,-1292991.0,-1173809.0
309,Payroll Expense,Advertising,USD,2023,Budget,-2858483.0,-2305377.0,-2131212.0,-1590327.0,-2085973.0,-1703752.0,-1695552.0,-1788917.0,-2327015.0,-2071414.0,-3239804.0,-2746179.0
310,Travel & Entertainment Expense,Advertising,USD,2023,Budget,-285338.0,-244889.0,-233148.0,-166561.0,-244687.0,-161345.0,-178305.0,-192708.0,-243644.0,-226447.0,-305055.0,-280685.0
311,R&D Expense,Advertising,USD,2023,Budget,-1031961.0,-1042954.0,-920646.0,-731175.0,-848528.0,-736400.0,-719835.0,-881777.0,-847120.0,-844418.0,-1401315.0,-1079897.0
312,Consulting Expense,Advertising,USD,2023,Budget,-1170898.0,-1234525.0,-1172371.0,-753727.0,-1051436.0,-922198.0,-907610.0,-961198.0,-1254550.0,-945986.0,-1699048.0,-1191231.0
313,Software/Hardware Expense,Advertising,USD,2023,Budget,-1980716.0,-1788979.0,-1719915.0,-1088499.0,-1502513.0,-1239582.0,-1127643.0,-1387114.0,-1526398.0,-1372656.0,-2454975.0,-1754241.0
314,Marketing Expense,Advertising,USD,2023,Budget,-566582.0,-505261.0,-426912.0,-323456.0,-432583.0,-305741.0,-310930.0,-427699.0,-433517.0,-412281.0,-629706.0,-493044.0
315,Sales,Hardware,USD,2023,Budget,33249208.99,35887610.519999996,29813571.0,16581573.0,25127529.3,18073007.049999997,25958480.48,24451923.97,24024399.3,26843786.240000002,31597699.98,34814653.2
316,Cost of Goods Sold,Hardware,USD,2023,Budget,-14119263.0,-17879670.0,-14358261.0,-7982038.0,-12177131.0,-8747974.0,-11295692.0,-10246934.0,-10460207.0,-11993641.0,-13770029.0,-14012331.0
317,Commissions Expense,Hardware,USD,2023,Budget,-1467109.0,-1677945.0,-1447729.0,-812834.0,-1060983.0,-816607.0,-1241153.0,-1024413.0,-1198716.0,-1237038.0,-1557750.0,-1483854.0
318,Payroll Expense,Hardware,USD,2023,Budget,-3338737.0,-4402775.0,-3287314.0,-1955247.0,-2711290.0,-1836954.0,-2798464.0,-2507986.0,-2646561.0,-2872300.0,-3683032.0,-3775393.0
319,Travel & Entertainment Expense,Hardware,USD,2023,Budget,-411779.0,-419320.0,-343566.0,-188670.0,-300697.0,-184661.0,-260440.0,-303559.0,-264242.0,-289776.0,-330529.0,-371367.0
320,R&D Expense,Hardware,USD,2023,Budget,-1532046.0,-1660857.0,-1397352.0,-803884.0,-1095237.0,-873288.0,-1260882.0,-1018393.0,-1131941.0,-1242629.0,-1414584.0,-1678509.0
321,Consulting Expense,Hardware,USD,2023,Budget,-1990196.0,-1966905.0,-1708842.0,-925380.0,-1432833.0,-927012.0,-1405783.0,-1281770.0,-1499076.0,-1485770.0,-1836741.0,-2063376.0
322,Software/Hardware Expense,Hardware,USD,2023,Budget,-2556106.0,-2734053.0,-2473118.0,-1174103.0,-1830494.0,-1286762.0,-2130211.0,-1845120.0,-1889246.0,-1995506.0,-2490074.0,-3039992.0
323,Marketing Expense,Hardware,USD,2023,Budget,-750337.0,-885959.0,-692240.0,-347870.0,-614839.0,-391158.0,-556893.0,-578359.0,-537761.0,-570088.0,-781567.0,-696480.0
324,Sales,Software,USD,2023,Forecast,77301768.0,72875628.0,55895001.0,89382699.0,71319509.0,79975474.0,69313842.0,92091905.0,83500769.0,59385280.0,65641609.0,71434962.0
325,Cost of Goods Sold,Software,USD,2023,Forecast,-35752342.0,-31441278.0,-27014782.0,-41080521.0,-29816017.0,-37864346.0,-29367294.0,-40634741.0,-39724316.0,-26784238.0,-29537593.0,-34630314.0
326,Commissions Expense,Software,USD,2023,Forecast,-3428824.0,-3228713.0,-2275853.0,-4449372.0,-3285819.0,-3933173.0,-2824146.0,-4226119.0,-3700895.0,-2830639.0,-3243319.0,-3463190.0
327,Payroll Expense,Software,USD,2023,Forecast,-7928112.0,-9106177.0,-6946518.0,-9674499.0,-8601910.0,-9397456.0,-8541402.0,-11276422.0,-9209392.0,-7076763.0,-8202915.0,-8508411.0
328,Travel & Entertainment Expense,Software,USD,2023,Forecast,-957085.0,-849920.0,-682768.0,-1070786.0,-869744.0,-914245.0,-850332.0,-1141027.0,-843495.0,-681529.0,-713836.0,-742136.0
329,R&D Expense,Software,USD,2023,Forecast,-3438085.0,-3285329.0,-2789198.0,-3812133.0,-3117588.0,-3550508.0,-2975224.0,-4265659.0,-4086642.0,-2794161.0,-2929773.0,-3103697.0
330,Consulting Expense,Software,USD,2023,Forecast,-3969897.0,-4380494.0,-3366354.0,-5273562.0,-3663927.0,-4416822.0,-4001007.0,-4832019.0,-4909221.0,-3571834.0,-3526646.0,-3835844.0
331,Software/Hardware Expense,Software,USD,2023,Forecast,-5877577.0,-5737846.0,-4331053.0,-7521222.0,-5990060.0,-5838719.0,-5381168.0,-8054420.0,-6629167.0,-4297756.0,-5298750.0,-5411523.0
332,Marketing Expense,Software,USD,2023,Forecast,-1715892.0,-1670598.0,-1349484.0,-1982340.0,-1444353.0,-1884602.0,-1511649.0,-1993504.0,-2075691.0,-1342675.0,-1421368.0,-1684617.0
333,Sales,Advertising,USD,2023,Forecast,17006388.96,16032638.16,14532700.26,20558020.77,16403487.07,20793623.240000002,16635322.08,26706652.45,16700153.8,17221731.2,18379650.520000003,16430041.260000002
334,Cost of Goods Sold,Advertising,USD,2023,Forecast,-7139124.0,-6558131.0,-5982628.0,-9936401.0,-7091143.0,-8326629.0,-7786192.0,-11348186.0,-7370420.0,-7201133.0,-9088004.0,-6637350.0
335,Commissions Expense,Advertising,USD,2023,Forecast,-803688.0,-739259.0,-592091.0,-918521.0,-663152.0,-840619.0,-680646.0,-1322559.0,-739411.0,-813025.0,-885800.0,-802943.0
336,Payroll Expense,Advertising,USD,2023,Forecast,-1775134.0,-1641526.0,-1648504.0,-2569037.0,-1934072.0,-2504228.0,-1924690.0,-3011577.0,-1750792.0,-1993161.0,-1924696.0,-2012016.0
337,Travel & Entertainment Expense,Advertising,USD,2023,Forecast,-184417.0,-161775.0,-161976.0,-244398.0,-192012.0,-219272.0,-167711.0,-289743.0,-168764.0,-197206.0,-228371.0,-193657.0
338,R&D Expense,Advertising,USD,2023,Forecast,-822293.0,-701739.0,-651658.0,-878628.0,-764328.0,-998972.0,-809874.0,-1081271.0,-688376.0,-770508.0,-750435.0,-712111.0
339,Consulting Expense,Advertising,USD,2023,Forecast,-874275.0,-940682.0,-892071.0,-1227751.0,-1019603.0,-1199508.0,-835310.0,-1647093.0,-840393.0,-892880.0,-991474.0,-824952.0
340,Software/Hardware Expense,Advertising,USD,2023,Forecast,-1299408.0,-1217903.0,-1241944.0,-1784476.0,-1419608.0,-1656529.0,-1231975.0,-2124020.0,-1192510.0,-1247530.0,-1452568.0,-1386479.0
341,Marketing Expense,Advertising,USD,2023,Forecast,-388830.0,-382107.0,-359149.0,-508536.0,-363265.0,-508077.0,-339302.0,-581049.0,-414044.0,-386935.0,-400161.0,-369293.0
342,Sales,Hardware,USD,2023,Forecast,25509583.44,27692738.64,21799050.39,27708636.69,22822242.88,24792396.94,24952983.119999997,32232166.749999996,30895284.53,20190995.200000003,19692482.7,26430935.94
343,Cost of Goods Sold,Hardware,USD,2023,Forecast,-11578936.0,-13283266.0,-10760123.0,-12031880.0,-9652620.0,-10584647.0,-12326877.0,-14959934.0,-13028093.0,-8308173.0,-7944445.0,-11049601.0
344,Commissions Expense,Hardware,USD,2023,Forecast,-1275330.0,-1342502.0,-1005300.0,-1113375.0,-1053372.0,-1175475.0,-1199747.0,-1548433.0,-1366025.0,-817271.0,-858372.0,-1083636.0
345,Payroll Expense,Hardware,USD,2023,Forecast,-3063156.0,-2978709.0,-2456071.0,-2810593.0,-2589351.0,-2491701.0,-3020040.0,-3652709.0,-3270893.0,-2030059.0,-2371946.0,-3263794.0
346,Travel & Entertainment Expense,Hardware,USD,2023,Forecast,-295046.0,-288819.0,-270521.0,-299399.0,-259557.0,-306337.0,-302042.0,-335932.0,-352326.0,-202497.0,-209741.0,-306375.0
347,R&D Expense,Hardware,USD,2023,Forecast,-1063042.0,-1383994.0,-1005520.0,-1122436.0,-1105967.0,-1152280.0,-1172596.0,-1435420.0,-1381456.0,-865769.0,-855963.0,-1188799.0
348,Consulting Expense,Hardware,USD,2023,Forecast,-1440304.0,-1476449.0,-1202261.0,-1447697.0,-1227951.0,-1255275.0,-1424563.0,-1942571.0,-1593839.0,-1037651.0,-1097675.0,-1397647.0
349,Software/Hardware Expense,Hardware,USD,2023,Forecast,-1825596.0,-1941785.0,-1833335.0,-2389482.0,-1906406.0,-1777976.0,-2005933.0,-2661184.0,-2463031.0,-1455030.0,-1398480.0,-1954771.0
350,Marketing Expense,Hardware,USD,2023,Forecast,-545525.0,-576243.0,-534567.0,-678191.0,-461374.0,-509712.0,-576349.0,-660401.0,-684878.0,-460793.0,-480324.0,-657505.0
